title,url,thumbnail_url,channel,description
"Dr. Dre, Snoop Dogg, Eminem, Mary J. Blige & Kendrick Lamar FULL Pepsi Super Bowl LVI Halftime Show",https://www.youtube.com/watch?v=gdsUKphmB3Y,https://i.ytimg.com/vi/gdsUKphmB3Y/hqdefault.jpg?sqp=-oaymwEcCPYBEIoBSFXyq4qpAw4IARUAAIhCGAFwAcABBg==&rs=AOn4CLDGoiDD40_KBd8EN46OdGbBRhTcbw,NFL,Check out our other channels: NFL Mundo https://www.youtube.com/mundonfl NFL Brasil https://www.youtube.com/c/NFLBrasilOficial NFL UK https://www.youtube.com/channel/UCVe0dAja_vZCmvfHXjtdRQA...
Marvel Studios' Doctor Strange in the Multiverse of Madness | Official Trailer,https://www.youtube.com/watch?v=aWzlQ2N6qqg,https://i.ytimg.com/vi/aWzlQ2N6qqg/hqdefault.jpg?sqp=-oaymwEcCPYBEIoBSFXyq4qpAw4IARUAAIhCGAFwAcABBg==&rs=AOn4CLDRSo9XqSitaEOKj3I8MTb-2Qk2Cw,Marvel Entertainment,Enter a new dimension of Strange. Watch the official trailer for Marvel Studios' Doctor Strange in the Multiverse of Madness. Only in theaters May 6. In Marvel Studiosâ€™ â€œDoctor Strange...
euphoria | season 2 episode 7 promo | hbo,https://www.youtube.com/watch?v=bC1cWi8T_8g,https://i.ytimg.com/vi/bC1cWi8T_8g/hqdefault.jpg?sqp=-oaymwEcCPYBEIoBSFXyq4qpAw4IARUAAIhCGAFwAcABBg==&rs=AOn4CLBfE0vGJEmcEQbDysi44chIkZ_GaA,euphoria,"on the next episode of #EUPHORIA #EUPHORIA Zendaya leads an ensemble cast that also includes Maude Apatow, Angus Cloud, Eric Dane, Alexa Demie, Jacob Elordi, Barbie Ferreira, Nika King,..."
The First-Ever All-Electric Chevy Silverado â€“ New Generation (The Sopranos) | Chevrolet,https://www.youtube.com/watch?v=2bZYqFsU72Y,,Chevrolet,"With available Four-Wheel Steer, an available Multi-Flex Midgate and a GM-estimated 400 miles of range on a full charge of the Ultium battery, Silverado EV is a whole new truck for a whole..."
The Lord of the Rings: The Rings of Power â€“ Teaser Trailer | Prime Video,https://www.youtube.com/watch?v=v7v1hIkYH24,,Prime Video,"A new legend begins this fall. The Lord of the Rings: The Rings of Power, only on Prime Video Sept 2, 2022. #LOTRonPrime #LOTR #LOTRROP --- About ""The Lord of the Rings: The Rings of Power""..."
I'M PREGNANT!,https://www.youtube.com/watch?v=VmI0YIqdjv8,,blndsundoll4mj,
"$50,000 EXTREME HIDE & SEEK IN TRAMPOLINE PARK!",https://www.youtube.com/watch?v=thhak8grCvQ,,Stokes Twins,Can't believe that happened at the end.. Subscribe to them! Kat Hixson @Kat Hixson Shawn's Twitch: https://www.twitch.tv/shawbby Brent Rivera @Brent Rivera Lexi Rivera @Alexa Rivera...
Romeo Santos - Sus Huellas (Official Video),https://www.youtube.com/watch?v=rvmtQvA_cmM,,Romeo Santos,Romeo Santos - Sus Huellas (Official Video) MÃºsica: Apple Music: https://RomeoSantos.lnk.to/SusHuellas/applemusic Spotify: https://RomeoSantos.lnk.to/SusHuellas/spotify Amazon: https://RomeoSan...
DOCTOR STRANGE In The Multiverse Madness Trailer Breakdown | Easter Eggs And Professor X!?,https://www.youtube.com/watch?v=CqRWAgeuJ0Y,,Heavy Spoilers,"DOCTOR STRANGE In The Multiverse Madness Superbowl Trailer Breakdown | Easter Eggs And Things You Missed. We breakdown the new Doctor Strange 2 Trailer and discuss all the easter eggs, the..."
WHEN THE SHOES HIT THE KETCHUP ðŸ˜‚ - #shorts,https://www.youtube.com/watch?v=ZDXEnr3Ww98,,Topper Guild,ðŸ”¥ FOLLOW ME ðŸ”¥ Instagram: https://www.instagram.com/topperguild/?hl=en TikTok: https://www.tiktok.com/@topperguild?lang=en
